Blocked,mastodon.social
Not_Blocked,alien.top
Blocked,pawoo.net
Not_Blocked,daystorm.netz.org
Blocked,misskey.io
Blocked,mstdn.jp
Not_Blocked,joindiaspora.com
Not_Blocked,baraag.net
Blocked,mastodon.cloud
Not_Blocked,pravda.me
Blocked,mstdn.social
Blocked,mastodon.online
Blocked,mastodon.world
Blocked,mas.to
Not_Blocked,lemmy.world
Not_Blocked,micro.blog
Blocked,bird.makeup
Not_Blocked,pixelfed.social
Not_Blocked,diasp.org
Not_Blocked,gc2.jp
Not_Blocked,techhub.social
Not_Blocked,mastodonapp.uk
Not_Blocked,universeodon.com
Blocked,masto.ai
Blocked,mastodon.sdf.org
Not_Blocked,mastodon.uno
Not_Blocked,r-sauna.fi
Blocked,infosec.exchange
Not_Blocked,lemmy.tedomum.net
Blocked,fosstodon.org
Not_Blocked,pasta.faith
Not_Blocked,kbin.social
Blocked,enterprise.lemmy.ml
Blocked,hachyderm.io
Blocked,mastodon.top
Blocked,lemmy.ml
Not_Blocked,mstdn.party
Not_Blocked,diaspora-fr.org
Not_Blocked,lemmynsfw.com
Not_Blocked,staging.simplesocialnetwork.org
Not_Blocked,social.vivaldi.net
Blocked,m.cmx.im
Not_Blocked,troet.cafe
Not_Blocked,loforo.com
Not_Blocked,mastodon.nl
Not_Blocked,diasp.eu
Not_Blocked,ohai.social
Not_Blocked,fedibird.com
Blocked,sfba.social
Blocked,mamot.fr
Not_Blocked,kolektiva.social
Blocked,mastodon.art
Blocked,mindly.social
Blocked,mstdn.ca
Not_Blocked,mast.lat
Not_Blocked,tkz.one
Not_Blocked,diasp.in
Not_Blocked,nijimiss.moe
Not_Blocked,pixelfed.de
Not_Blocked,poa.st
Blocked,alive.bar
Not_Blocked,toot.community
Not_Blocked,piaille.fr
Not_Blocked,mastodon.scot
Blocked,mastodon.xyz
Not_Blocked,i.framevr.io
Not_Blocked,lemm.ee
Not_Blocked,personaljournal.ca
Not_Blocked,mastodon.au
Not_Blocked,ioc.exchange
Blocked,hexbear.net
Not_Blocked,sh.itjust.works
Not_Blocked,det.social
Not_Blocked,i.exp.world
Blocked,aus.social
Not_Blocked,masto.es
Not_Blocked,planet.moe
Blocked,wxw.moe
Not_Blocked,wxw.ooo
Not_Blocked,zb3.org
Blocked,social.tchncs.de
Not_Blocked,spinster.xyz
Blocked,mastouille.fr
Blocked,mastodon.ie
Blocked,mastodon.com.tr
Not_Blocked,fediverse.blog
Not_Blocked,newsie.social
Not_Blocked,masto.nu
Not_Blocked,aethy.com
Not_Blocked,mastodon.bida.im
Not_Blocked,me.dm
Not_Blocked,libre.video
Not_Blocked,lemmy.elest.io
Not_Blocked,thu.closed.social
Not_Blocked,juick.com
Blocked,o3o.ca
Blocked,nrw.social
Not_Blocked,m.rthome.me
Blocked,sushi.ski
Not_Blocked,video.antopie.org
Blocked,mathstodon.xyz
Not_Blocked,abdl.link
Not_Blocked,mastodon.nu
Not_Blocked,mastodontech.de
Not_Blocked,bookwyrm.social
Not_Blocked,trpger.us
Not_Blocked,xrs.cx
Not_Blocked,pod.g3l.org
Not_Blocked,mostr.pub
Not_Blocked,mastodon-japan.net
Not_Blocked,neodb.social
Not_Blocked,wordsmith.social
Not_Blocked,theblower.au
Blocked,glasgow.social
Not_Blocked,mao.mastodonhub.com
Not_Blocked,sueden.social
Blocked,ieji.de
Not_Blocked,beehaw.org
Not_Blocked,noc.social
Blocked,kinky.business
Blocked,norden.social
Blocked,meow.social
Not_Blocked,skeptikon.fr
Blocked,bestgore.fun
Blocked,toot.wales
Not_Blocked,eldritch.cafe
Not_Blocked,phijkchu.com
Not_Blocked,freemasonry.social
Not_Blocked,lemmy.dbzer0.com
Blocked,octodon.social
Blocked,social.cologne
Blocked,chaos.social
Not_Blocked,mastodon.green
Not_Blocked,diasp.de
Not_Blocked,mstdn.plus
Not_Blocked,defcon.social
Blocked,social.linux.pizza
Blocked,toot.io
Blocked,indieweb.social
Not_Blocked,feddit.de
Not_Blocked,awscommunity.social
Blocked,mastodon.iriseden.eu
Not_Blocked,med-mastodon.com
Not_Blocked,muenchen.social
Not_Blocked,framapiaf.org
Not_Blocked,sigmoid.social
Not_Blocked,indec.net.in
Not_Blocked,social.dev-wiki.de
Blocked,ruhr.social
Not_Blocked,lemmygrad.ml
Blocked,social.anoxinon.de
Not_Blocked,tube.querdenken-711.de
Not_Blocked,mstdn.tokyocameraclub.com
Not_Blocked,oekakiskey.com
Not_Blocked,ro-mastodon.puyo.jp
Not_Blocked,love.alicecomplex.com
Not_Blocked,hessen.social
Blocked,climatejustice.social
Not_Blocked,nota.404.mn
Not_Blocked,rant.li
Not_Blocked,diaspora.psyco.fr
Not_Blocked,mobilizon.fr
Not_Blocked,pxlmo.com
Not_Blocked,cyberplace.social
Not_Blocked,projectmushroom.social
Not_Blocked,feddit.cl
Not_Blocked,wirtube.de
Not_Blocked,stranger.social
Not_Blocked,mastodon.nz
Not_Blocked,sysad.org
Blocked,noagendasocial.com
Not_Blocked,notestock.osa-p.net
Not_Blocked,dice.camp
Blocked,botsin.space
Not_Blocked,pixelfed.uno
Blocked,nerdculture.de
Not_Blocked,aipi.social
Blocked,socel.net
Not_Blocked,misskey-square.net
Not_Blocked,video.ploud.fr
Blocked,hostux.social
Not_Blocked,h4.io
Blocked,101010.pl
Not_Blocked,persiansmastodon.com
Not_Blocked,bae.st
Not_Blocked,twit.social
Blocked,me.ns.ci
Not_Blocked,geekdom.social
Not_Blocked,econtwitter.net
Not_Blocked,lemmy.one
Not_Blocked,ttrpg.network
Not_Blocked,programming.dev
Blocked,g0v.social
Blocked,mastodont.cat
Not_Blocked,d.consumium.org
Not_Blocked,lemmy.blahaj.zone
Blocked,truthsocial.co.in
Not_Blocked,lemmy.ca
Not_Blocked,graphics.social
Not_Blocked,mstdn.science
Blocked,livellosegreto.it
Not_Blocked,pol.social
Not_Blocked,vocalodon.net
Not_Blocked,nojack.easydns.ca
Not_Blocked,social.librem.one
Not_Blocked,occm.cc
Not_Blocked,peertube.iriseden.eu
Not_Blocked,moth.social
Blocked,goresee.com
Not_Blocked,misskey.yukineko.me
Not_Blocked,peertube.su
Blocked,write.as
Not_Blocked,nekomiya.net
Unknown,peertube.lyceeconnecte.fr
Not_Blocked,burggit.moe
Not_Blocked,nerdpol.ch
Not_Blocked,urbanists.social
Blocked,vis.social
Blocked,queer.party
Not_Blocked,text.tchncs.de
Not_Blocked,tube.p2p.legal
Blocked,ruby.social
Not_Blocked,dju.social
Not_Blocked,union.place
Not_Blocked,discuss.tchncs.de
Not_Blocked,misskey.art
Blocked,imastodon.net
Not_Blocked,toot.funami.tech
Not_Blocked,zirk.us
Not_Blocked,p.lu
Not_Blocked,meetup.furryfederation.com
Not_Blocked,pixel.tchncs.de
Not_Blocked,diasporabr.com.br
Not_Blocked,kirakiratter.com
Not_Blocked,fediscience.org
Blocked,metalhead.club
Not_Blocked,social.politicaconciencia.org
Not_Blocked,mastodonczech.cz
Not_Blocked,bark.lgbt
Not_Blocked,mastodontti.fi
Not_Blocked,ecoevo.social
Not_Blocked,toot.aquilenet.fr
Not_Blocked,metapixl.com
Blocked,masto.pt
Not_Blocked,convo.casa
Not_Blocked,cupoftea.social
Not_Blocked,peertube.uno
Not_Blocked,blanketfort.blog
Not_Blocked,kinkyelephant.com
Blocked,scholar.social
Not_Blocked,tube-numerique-educatif.apps.education.fr
Not_Blocked,mstdn.guru
Not_Blocked,friendica.vrije-mens.org
Not_Blocked,tilvids.com
Not_Blocked,reddthat.com
Not_Blocked,diasporasocial.net
Not_Blocked,publish.ministryofinternet.eu
Not_Blocked,squeet.me
Not_Blocked,oran.ski
Not_Blocked,peertube.it
Not_Blocked,pixey.org
Blocked,rollenspiel.social
Not_Blocked,sopuli.xyz
Not_Blocked,gensokyo.town
Not_Blocked,mastodon.eus
Blocked,lor.sh
Blocked,phpc.social
Not_Blocked,witches.live
Not_Blocked,fedia.io
Not_Blocked,writefreely.ethibox.fr
Not_Blocked,muenster.im
Not_Blocked,sciences.social
Not_Blocked,wien.rocks
Blocked,todon.eu
Blocked,linuxrocks.online
Blocked,ichiji.social
Blocked,1234.as
Not_Blocked,ikaskey.bktsk.com
Not_Blocked,mastodon.com.py
Not_Blocked,firefish.ranranhome.info
Not_Blocked,sociale.network
Not_Blocked,pony.tube
Not_Blocked,lemmy.sdf.org
Not_Blocked,mastodonbooks.net
Not_Blocked,mastodon.zaclys.com
Not_Blocked,fgc.network
Not_Blocked,artsio.com
Not_Blocked,tube-action-educative.apps.education.fr
Not_Blocked,lou.lt
Not_Blocked,mobilizon.it
Not_Blocked,labo.wovs.tk
Not_Blocked,diasp.nl
Not_Blocked,pixelfed.tokyo
Not_Blocked,tube-sciences-technologies.apps.education.fr
Not_Blocked,wiwi.video
Not_Blocked,misskey.cloud
Not_Blocked,rubber.social
Blocked,freeatlantis.com
Not_Blocked,social.targaryen.house
Not_Blocked,kind.social
Not_Blocked,open.audio
Not_Blocked,genomic.social
Not_Blocked,bookrastinating.com
Not_Blocked,misskey.gg
Not_Blocked,mastodon.berlin
Not_Blocked,infosec.pub
Blocked,wandering.shop
Not_Blocked,diaspora.mifritscher.de
Blocked,bgme.me
Blocked,dresden.network
Not_Blocked,yiff.life
Not_Blocked,pubpod.alqualonde.org
Not_Blocked,cr8r.gg
Not_Blocked,stella.place
Not_Blocked,tube-maternelle.apps.education.fr
Blocked,writing.exchange
Not_Blocked,mastodon.elte.hu
Not_Blocked,mastodon-belgium.be
Not_Blocked,voskey.icalo.net
Blocked,qdon.space
Not_Blocked,piano.masto.host
Not_Blocked,misskey.gamelore.fun
Not_Blocked,peertube.ch
Not_Blocked,mathtod.online
Not_Blocked,liker.social
Not_Blocked,masto.nobigtech.es
Blocked,tooot.im
Not_Blocked,iitians.xyz
Not_Blocked,rheinneckar.social
Blocked,todon.nl
Not_Blocked,diode.zone
Blocked,donphan.social
Not_Blocked,tube-cycle-2.apps.education.fr
Not_Blocked,uri.life
Blocked,nya.one
Not_Blocked,mastoturk.org
Blocked,photog.social
Not_Blocked,mastodon.radio
Not_Blocked,fulda.social
Not_Blocked,iviv.hu
Blocked,ffxiv-mastodon.com
Not_Blocked,feddit.uk
Not_Blocked,tabletop.social
Not_Blocked,tube-cycle-3.apps.education.fr
Not_Blocked,best-friends.chat
Not_Blocked,expressional.social
Not_Blocked,discuss.systems
Blocked,lile.cl
Not_Blocked,startrek.website
Not_Blocked,toad.social
Not_Blocked,ika.queloud.net
Not_Blocked,cryptodon.lol
Not_Blocked,tube-arts-lettres-sciences-humaines.apps.education.fr
Not_Blocked,journa.host
Not_Blocked,wake.0am.jp
Not_Blocked,mastodon.arch-linux.cz
Blocked,mastodon.in.th
Not_Blocked,equestria.social
Not_Blocked,Equestria.Social
Not_Blocked,misskey.ranranhome.info
Not_Blocked,misskey.noellabo.jp
Not_Blocked,bildung.social
Blocked,flipboard.social
Blocked,kemonodon.club
Not_Blocked,veganism.social
Not_Blocked,gorf.tube
Blocked,toot.cafe
Not_Blocked,9ineverse.com
Blocked,pix.toot.wales
Not_Blocked,berlin.social
Blocked,tooting.ch
Not_Blocked,videos.benjaminbrady.ie
Not_Blocked,video.cnr.it
Blocked,digitalcourage.social
Blocked,hispagatos.space
Not_Blocked,buicha.social
Not_Blocked,oc.todon.fr
Not_Blocked,live-theater.net
Not_Blocked,ursal.zone
Not_Blocked,disabled.social
Blocked,peoplemaking.games
Blocked,freeradical.zone
Not_Blocked,misskey.backspace.fm
Not_Blocked,side.misskey.productions
Blocked,mastodon.ml
Not_Blocked,iztasocial.site
Not_Blocked,diaspora.freifunk-naila.net
Not_Blocked,k.lapy.link
Blocked,goredb.com
Blocked,toot.cat
Blocked,acg.mn
Blocked,fairy.id
Not_Blocked,tribe.net
Not_Blocked,astrodon.social
Not_Blocked,mastodon.me.uk
Not_Blocked,freiburg.social
Not_Blocked,mastodon.partipirate.org
Blocked,liberdon.com
Not_Blocked,feddit.nl
Not_Blocked,misskey.niri.la
Blocked,hci.social
Blocked,fed.brid.gy
Not_Blocked,mstdn.fr
Not_Blocked,varishangout.net
Blocked,mastodon.la
Not_Blocked,wetdry.world
Not_Blocked,eostagram.com
Blocked,snabelen.no
Not_Blocked,vmst.io
Blocked,donotban.com
Blocked,hello.2heng.xin
Blocked,layer8.space
Not_Blocked,miruku.cafe
Not_Blocked,pouet.chapril.org
Not_Blocked,federated.press
Not_Blocked,woof.group
Not_Blocked,kfem.cat
Not_Blocked,data-folks.masto.host
Blocked,elekk.xyz
Not_Blocked,noauthority.social
Not_Blocked,ani.work
Not_Blocked,dizl.de
Not_Blocked,eletusk.club
Not_Blocked,tube.kekmahub.com
Not_Blocked,kemono.im
Not_Blocked,guitar.rodeo
Not_Blocked,lemmings.world
Blocked,libretooth.gr
Blocked,mastodon.cipherbliss.com
Not_Blocked,kmy.blue
Blocked,oslo.town
Not_Blocked,szmer.info
Not_Blocked,colorid.es
Not_Blocked,venera.social
Not_Blocked,lemmy.zip
Not_Blocked,freeframe.masto.host
Not_Blocked,vkl.world
Not_Blocked,monyet.cc
Blocked,tea.codes
Not_Blocked,tube.tchncs.de
Not_Blocked,write.underworld.fr
Not_Blocked,mastodon.oeru.org
Not_Blocked,mastodon.cat
Not_Blocked,aussie.zone
Not_Blocked,mstdn.games
Not_Blocked,mstdn.maud.io
Not_Blocked,h5q.net
Not_Blocked,cubhub.social
Not_Blocked,social.veraciousnetwork.com
Not_Blocked,anarchism.space
Not_Blocked,cloud-native.social
Not_Blocked,mapstodon.space
Not_Blocked,hcommons.social
Not_Blocked,midwest.social
Not_Blocked,swiss.social
Not_Blocked,mstdn.kemono-friends.info
Not_Blocked,libranet.de
Not_Blocked,mstdn.dk
Not_Blocked,video-liberty.com
Not_Blocked,krdtube.org
Not_Blocked,historians.social
Not_Blocked,twiukraine.com
Blocked,tilde.zone
Not_Blocked,peertube.tweb.tv
Not_Blocked,mastodon.com.br
Not_Blocked,shared.graphics
Not_Blocked,fsmi.social
Not_Blocked,mastorol.es
Not_Blocked,minidisc.tokyo
Not_Blocked,irsoluciones.social
Not_Blocked,iusearchlinux.fyi
Not_Blocked,paquita.masto.host
Blocked,mast.dragon-fly.club
Not_Blocked,greatview.video
Not_Blocked,rivals.space
Blocked,anticapitalist.party
Not_Blocked,qua.name
Not_Blocked,photodn.net
Not_Blocked,vid.samtripoli.com
Not_Blocked,peertube.stream
Blocked,mastodon.org.uk
Not_Blocked,kurry.social
Not_Blocked,hometech.social
Blocked,mastodon.cc
Not_Blocked,misskey.m544.net
Blocked,sunbeam.city
Not_Blocked,mstdn.business
Not_Blocked,mastodon.gougere.fr
Not_Blocked,mstdn.osaka
Not_Blocked,social.coop
Not_Blocked,blob.cat
Not_Blocked,girlcock.club
Not_Blocked,mustard.blog
Not_Blocked,mastodon.juggler.jp
Blocked,social.lol
Blocked,gametoots.de
Not_Blocked,romancelandia.club
Not_Blocked,mastodon-uk.net
Not_Blocked,feddit.it
Not_Blocked,plume.pullopen.xyz
Not_Blocked,sunny.garden
Not_Blocked,tube-institutionnel.apps.education.fr
Not_Blocked,mastodon.mnetwork.co.kr
Not_Blocked,spore.social
Not_Blocked,typo.social
Blocked,seaofog.com
Not_Blocked,shakedown.social
Not_Blocked,hub.netzgemeinde.eu
Not_Blocked,video.hardlimit.com
Not_Blocked,bolha.us
Not_Blocked,plume.otakufarms.com
Not_Blocked,mobilizon.envs.net
Not_Blocked,lounge.town
Not_Blocked,awoo.space
Not_Blocked,misskey.04.si
Not_Blocked,mastodon.pirateparty.be
Not_Blocked,write.ourselves.space
Blocked,otoya.space
Not_Blocked,arsenalfc.social
Not_Blocked,is.nota.live
Not_Blocked,aleph.land
Not_Blocked,arvr.social
Not_Blocked,blorbo.social
Blocked,medibubble.org
Not_Blocked,computerfairi.es
Not_Blocked,shelter.moe
Not_Blocked,cawfee.club
Not_Blocked,blahaj.zone
Blocked,respublicae.eu
Not_Blocked,devs.live
Not_Blocked,pleroma.noellabo.jp
Not_Blocked,tube-langues-vivantes.apps.education.fr
Not_Blocked,fe.disroot.org
Not_Blocked,pnw.zone
Not_Blocked,blacktwitter.io
Not_Blocked,rhythmisskey.games
Not_Blocked,miniwa.moe
Blocked,graz.social
Not_Blocked,masto.nyc
Blocked,douchi.space
Not_Blocked,misskey.id
Not_Blocked,kraut.zone
Not_Blocked,cunnyborea.top
Not_Blocked,peervideo.ru
Blocked,go5.dev
Not_Blocked,opalstack.social
Not_Blocked,mk.shrimpia.network
Not_Blocked,misskey.systems
Blocked,scicomm.xyz
Not_Blocked,peertube.fr
Not_Blocked,witter.cz
Blocked,pokemon.mastportal.info
Not_Blocked,feuerwehr.social
Not_Blocked,mona.do
Not_Blocked,nnia.space
Not_Blocked,pawb.fun
Not_Blocked,norcal.social
Not_Blocked,mi.nakn.jp
Not_Blocked,videos.lukesmith.xyz
Not_Blocked,newsmast.social
Not_Blocked,cybre.club
Not_Blocked,social.opendesktop.org
Not_Blocked,nasface.cz
Not_Blocked,discuss.online
Not_Blocked,sciencemastodon.com
Not_Blocked,openbiblio.social
Not_Blocked,famichiki.jp
Not_Blocked,mastodo.fi
Not_Blocked,patriot.online
Not_Blocked,h-net.social
Not_Blocked,wehavecookies.social
Not_Blocked,plural.cafe
Not_Blocked,pkm.social
Not_Blocked,mstdn.in.th
Not_Blocked,nederland.online
Not_Blocked,bonn.social
Not_Blocked,mastodon.uy
Not_Blocked,mstdn.mx
Not_Blocked,fedi.absturztau.be
Not_Blocked,akamdon.com
Blocked,uwu.social
Not_Blocked,fotofed.nl
Not_Blocked,lemmy.eco.br
Not_Blocked,tablegame.mstdn.cloud
Not_Blocked,seo.chat
Not_Blocked,eupolicy.social
Not_Blocked,kinbaku.club
Not_Blocked,blabber.lu-rp.net
Not_Blocked,burma.social
Not_Blocked,nafo.uk
Not_Blocked,demo.writefreely.host
Not_Blocked,mastodon.librelabucm.org
Not_Blocked,earthstream.social
Not_Blocked,poast.tv
Not_Blocked,social.treehouse.systems
Not_Blocked,podcastindex.social
Not_Blocked,skeptube.fr
Not_Blocked,ovo.st
Not_Blocked,poweredbygay.social
Blocked,social.chinwag.org
Not_Blocked,videos.trom.tf
Not_Blocked,am.pirateradio.social
Not_Blocked,nouni.sh
Not_Blocked,lemdro.id
Not_Blocked,animalliberation.social
Not_Blocked,zeroes.ca
Not_Blocked,peertube.bgzashtita.es
Not_Blocked,furry.engineer
Not_Blocked,eigadon.net
Not_Blocked,crypt.lol
Not_Blocked,mozilla.social
Blocked,gulp.cafe
Not_Blocked,mastodon.vlaanderen
Not_Blocked,otogamer.me
Not_Blocked,pawb.social
Not_Blocked,neuromatch.social
Blocked,floss.social
Not_Blocked,social.slat.org
Blocked,vocalounge.cafe
Not_Blocked,kopiti.am
Not_Blocked,mograph.social
Not_Blocked,stereodon.social
Not_Blocked,mastodon.gal
Not_Blocked,tyrol.social
Not_Blocked,mob.urbain.es
Not_Blocked,nofan.xyz
Not_Blocked,lgbtqia.space
Not_Blocked,bbq.snoot.com
Not_Blocked,4bear.com
Blocked,mstdn.io
Not_Blocked,social.kyiv.dcomm.net.ua
Not_Blocked,mobilizon.chapril.org
Not_Blocked,darmstadt.social
Not_Blocked,weirder.earth
Not_Blocked,hodltech.com
Not_Blocked,lilymagic.com
Not_Blocked,apobangpo.space
Not_Blocked,mander.xyz
Not_Blocked,social.sciences.re
Not_Blocked,fet.bar
Not_Blocked,jorts.horse
Not_Blocked,pixelfed.fi
Blocked,chitter.xyz
Not_Blocked,toot.turbo.chat
Not_Blocked,audio.liberta.vip
Not_Blocked,pixelfed.au
Not_Blocked,peervideo.club
Not_Blocked,est.social
Not_Blocked,mastodon.hypnoguys.com
Not_Blocked,slrpnk.net
Not_Blocked,esperanto.masto.host
Not_Blocked,agendadubocage.fr
Not_Blocked,qubit-social.xyz
Not_Blocked,oulipo.social
Not_Blocked,thecanadian.social
Not_Blocked,pleroma.in.th
Not_Blocked,emacs.ch
Not_Blocked,seocommunity.social
Not_Blocked,bsd.network
Not_Blocked,gruene.social
Not_Blocked,mi.cbrx.io
Not_Blocked,theotter.social
Not_Blocked,neurodifferent.me
Not_Blocked,mobilize.berlin
Not_Blocked,glammr.us
Not_Blocked,meisskey.one
Not_Blocked,tubedu.org
Not_Blocked,kanoa.de
Not_Blocked,video.eradicatinglove.xyz
Not_Blocked,blog.mithril.re
Not_Blocked,dotnet.social
Not_Blocked,pixelfed.bachgau.social
Not_Blocked,macaw.social
Not_Blocked,vtdon.com
Not_Blocked,mastodon.energy
Blocked,dobbs.town
Blocked,im-in.space
Not_Blocked,beekeeping.ninja
Not_Blocked,sukebe.hostdon.ne.jp
Not_Blocked,vt.social
Not_Blocked,tv.suwerenni.org
Not_Blocked,diaspora.koehn.com
Not_Blocked,hub.hubzilla.de
Not_Blocked,books.theunseen.city
Not_Blocked,mastodol.jp
Not_Blocked,dormi.zone
Not_Blocked,mastodon.design
Not_Blocked,lemmy.run
Not_Blocked,cliq.social
Not_Blocked,pxl.roflcopter.fr
Not_Blocked,fedisnap.com
Not_Blocked,pixel.noff.co
Not_Blocked,pixelfed.noellabo.jp
Blocked,mastodon.hk
Not_Blocked,tube.rhythms-of-resistance.org
Not_Blocked,wobbl.xyz
Not_Blocked,oldbytes.space
Not_Blocked,social.outsourcedmath.com
Not_Blocked,genserver.social
Not_Blocked,www.kotikoff.net
Not_Blocked,retro.pizza
Not_Blocked,misskey.life
Not_Blocked,funkwhale.it
Not_Blocked,mastodon.acm.org
Not_Blocked,warhammer.social
Blocked,ruby.good.news
Not_Blocked,invillage-outvillage.com
Not_Blocked,jawns.club
Not_Blocked,cdrom.tokyo
Not_Blocked,misskey.doujin.games
Not_Blocked,stereophonic.space
Not_Blocked,lemmy.eus
Not_Blocked,mastoot.fr
Not_Blocked,metalverse.social
Not_Blocked,mobilizon.public.cat
Blocked,maly.io
Blocked,toots.social
Not_Blocked,toot.berlin
Not_Blocked,greenish.red
Not_Blocked,protagio.social
Not_Blocked,gaygeek.social
Not_Blocked,lemmy.today
Not_Blocked,machteburch.social
Not_Blocked,furries.club
Not_Blocked,tube.ac-lyon.fr
Not_Blocked,epicure.social
Not_Blocked,lethallava.land
Not_Blocked,vulgarisation-informatique.fr
Not_Blocked,macrofurs.social
Not_Blocked,mi.mashiro.site
Not_Blocked,mastodon.mit.edu
Not_Blocked,gearheads.social
Not_Blocked,pixelfed.nz
Not_Blocked,writeas.nogafam.es
Not_Blocked,ephemeral.glitch.social
Not_Blocked,45sukey.net
Not_Blocked,jlai.lu
Not_Blocked,icosahedron.website
Not_Blocked,xarxa.cloud
Not_Blocked,masto.yttrx.com
Not_Blocked,prf.me
Not_Blocked,yiffit.net
Not_Blocked,p2ptv.ru
Not_Blocked,tube.xy-space.de
Not_Blocked,toot.thoughtworks.com
Not_Blocked,dvd.chat
Not_Blocked,parfait.day
Not_Blocked,mastodon.mim-libre.fr
Not_Blocked,despora.de
Not_Blocked,lemmy.pt
Blocked,mstdn.beer
Not_Blocked,mastodon.tetaneutral.net
Not_Blocked,mastodon.free-solutions.org
Not_Blocked,tube-enseignement-professionnel.apps.education.fr
Not_Blocked,federated.photos
Not_Blocked,wibblur.social
Not_Blocked,e.fo
Not_Blocked,tube.kh-berlin.de
Not_Blocked,pointless.chat
Not_Blocked,types.pl
Not_Blocked,lemmy.whynotdrs.org
Not_Blocked,www.connectingdotsblog.com
Not_Blocked,www.wuwox.com
Not_Blocked,literatur.social
Not_Blocked,drdr.club
Not_Blocked,lemmy.nz
Not_Blocked,otadon.com
Not_Blocked,kazv.moe
Not_Blocked,gleasonator.com
Not_Blocked,mk.skima.jp
Not_Blocked,anar.chi.st
Not_Blocked,toot.portes-imaginaire.org
Not_Blocked,bitbang.social
Blocked,ludosphere.fr
Not_Blocked,ojousama-tea.party
Not_Blocked,summoners-riftodon.jp
Not_Blocked,pixelfed.cz
Not_Blocked,social.edu.nl
Blocked,social.bau-ha.us
Not_Blocked,mast.moe
Not_Blocked,sk.204.jp
Not_Blocked,mastodon.holeyfox.co
Not_Blocked,noagendatube.com
Not_Blocked,en.osm.town
Not_Blocked,neenster.org
Not_Blocked,mastodon.triggerphra.se
Not_Blocked,archaeo.social
Blocked,digforfire.org
Not_Blocked,masto.bike
Not_Blocked,opensocial.at
Not_Blocked,www.yiny.org
Not_Blocked,sakurajima.moe
Blocked,urusai.social
Not_Blocked,outerheaven.club
Not_Blocked,video.liberta.vip
Not_Blocked,bassam.social
Not_Blocked,babka.social
Not_Blocked,catgirl.life
Not_Blocked,buttersc.one
Not_Blocked,mobilizon.cliss21.org
Not_Blocked,eightpoint.app
Not_Blocked,write.tchncs.de
Not_Blocked,wuppertalblogs.de
Not_Blocked,daepi.so
Not_Blocked,swiss-talk.net
Not_Blocked,prismisskey.space
Not_Blocked,jaxbeach.social
Not_Blocked,poddery.com
Not_Blocked,pieville.net
Not_Blocked,ramen-fsm.eu.org
Not_Blocked,cztwitter.cz
Not_Blocked,tanukitunes.com
Blocked,9kb.me
Not_Blocked,flower.afn.social
Not_Blocked,m.otter.homes
Blocked,jasette.facil.services
Not_Blocked,tv.pirati.cz
Not_Blocked,exode.me
Not_Blocked,lewacki.space
Blocked,moresci.sale
Blocked,biplus.date
Not_Blocked,thicc.horse
Unknown,loðfíll.is
Not_Blocked,skippers-bin.com
Not_Blocked,player.ojamajo.moe
Not_Blocked,todon.ploud.fr
Not_Blocked,toot.blue
Not_Blocked,miraiverse.xyz
Not_Blocked,mastodon.com.pl
Blocked,toot.kif.rocks
Not_Blocked,col.social
Not_Blocked,toot.pizza
Not_Blocked,misskey.secinet.jp
Not_Blocked,colearn.social
Not_Blocked,mstdn.es
Not_Blocked,worldkey.io
Not_Blocked,toot.si
Not_Blocked,spacey.space
Not_Blocked,ramblingreaders.org
Not_Blocked,digipres.club
Not_Blocked,video.barkoczy.social
Not_Blocked,occitania.social
Not_Blocked,social.yesterweb.org
Not_Blocked,misskey.assaultli.ly
Not_Blocked,functional.cafe
Not_Blocked,tooters.org
Not_Blocked,pixtagram.social
Not_Blocked,federatedfandom.net
Not_Blocked,be-lieve.hostdon.ne.jp
Not_Blocked,mobilizon.picasoft.net
Not_Blocked,hayu.sh
Not_Blocked,toki.social
Not_Blocked,drumstodon.net
Not_Blocked,misskey.day
Not_Blocked,social.trom.tf
Not_Blocked,baraza.africa
Not_Blocked,xoxo.zone
Not_Blocked,post.lurk.org
Not_Blocked,bologna.one
Not_Blocked,gaypirates.club
Not_Blocked,noblogo.org
Not_Blocked,mastodon.content.town
Blocked,hub.mtf.party
Not_Blocked,sauropods.win
Not_Blocked,merveilles.town
Not_Blocked,livester.net
Blocked,qaf.men
Blocked,mstdn-bike.net
Not_Blocked,infosec.town
Not_Blocked,tube.taker.fr
Not_Blocked,tenforward.social
Not_Blocked,tube-education-physique-et-sportive.apps.education.fr
Not_Blocked,mastodon.hams.social
Not_Blocked,nixorigin.one
Not_Blocked,wargamers.social
Not_Blocked,mesmerized.online
Not_Blocked,shpposter.club
Not_Blocked,gardenstate.social
Not_Blocked,maniakey.com
Not_Blocked,better.boston
Not_Blocked,mastodon.education
Not_Blocked,misskey.social
Not_Blocked,social.caa-ins.org
Not_Blocked,pix.diaspodon.fr
Not_Blocked,social.seattle.wa.us
Not_Blocked,barkoczy.social
Not_Blocked,transfur.social
Not_Blocked,neovibe.app
Not_Blocked,yakyudon.net
Not_Blocked,mastodon.cisti.org
Not_Blocked,toot.bike
Not_Blocked,plush.city
Not_Blocked,oransns.com
Not_Blocked,onmasto.com
Not_Blocked,rkgk.moe
Not_Blocked,hidden.pics
Not_Blocked,mastodon.wien
Not_Blocked,misskey.tailc0bbe.ts.net
Not_Blocked,kirche.social
Not_Blocked,akademienl.social
Not_Blocked,calckey.world
Not_Blocked,fomobremen.info
Not_Blocked,misskey.always-we-need.games
Not_Blocked,dudu.best
Not_Blocked,easymode.im
Not_Blocked,pixelfed.photos
Blocked,pixel.livellosegreto.it
Blocked,social.freetalklive.com
Not_Blocked,luzeed.org
Not_Blocked,rcsocial.net
Not_Blocked,assemblag.es
Not_Blocked,esq.social
Not_Blocked,mast.hpc.social
Not_Blocked,blimps.xyz
Not_Blocked,trpg-o.xyz
Not_Blocked,forum-lucifer.com
Not_Blocked,mk.yopo.work
Not_Blocked,federate.social
Blocked,social.datalabour.com
Not_Blocked,feddit.ch
Blocked,lemmus.org
Not_Blocked,mastodon.bayern
Blocked,bookwor.ms
Not_Blocked,app.wafrn.net
Blocked,deadinsi.de
Not_Blocked,snug.moe
Not_Blocked,birds.town
Not_Blocked,ani.social
Not_Blocked,funk.firobe.fr
Not_Blocked,sub.wetshaving.social
Not_Blocked,tooter.social
Not_Blocked,kirishima.cloud
Not_Blocked,fedimovie.com
Not_Blocked,peertube.otakufarms.com
Not_Blocked,moe.cat
Blocked,www.mstddntfdn.online
Not_Blocked,heads.social
Not_Blocked,m.ai6yr.org
Not_Blocked,fediverse.tv
Not_Blocked,mobilizon.defis.info
Not_Blocked,scitech.video
Not_Blocked,muri.network
Not_Blocked,mof.rorea.moe
Blocked,video.infosec.exchange
Not_Blocked,tube1.it.tuwien.ac.at
Not_Blocked,videos.pair2jeux.tube
Not_Blocked,dmv.community
Not_Blocked,paperjale.eus
Not_Blocked,loma.ml
Not_Blocked,bookstodon.com
Not_Blocked,feddit.dk
Not_Blocked,twitter-bridge.cryobyte.net
Not_Blocked,genealysis.social
Not_Blocked,quietplace.xyz
Not_Blocked,msk.ilnk.info
Not_Blocked,mk.absturztau.be
Not_Blocked,osna.social
Not_Blocked,chirp.social
Not_Blocked,neko.ci
Not_Blocked,lemmy.wtf
Not_Blocked,comfy.social
Not_Blocked,foralltime.icu
Not_Blocked,merovingian.club
Not_Blocked,indieauthors.social
Not_Blocked,n-kaiwai.work
Not_Blocked,musicians.today
Not_Blocked,retirenow.top
Not_Blocked,fair.tube
Not_Blocked,theatl.social
Not_Blocked,lemmyf.uk
Not_Blocked,poliverso.org
Not_Blocked,t2m.davinkevin.fr
Not_Blocked,dtp-mstdn.jp
Not_Blocked,mastodon.pl
Not_Blocked,rss-mstdn.studiofreesia.com
Blocked,fedi.at
Not_Blocked,friendica.opensocial.space
Not_Blocked,pdx.social
Not_Blocked,thelemmy.club
Not_Blocked,rebel.ar
Not_Blocked,corteximplant.com
Not_Blocked,glaceon.social
Blocked,peertube.linuxrocks.online
Not_Blocked,redgate.social
Not_Blocked,lostpod.space
Not_Blocked,uma-aji.com
Not_Blocked,misskey.palmie.jp
Not_Blocked,mountains.social
Not_Blocked,piconic.co
Not_Blocked,genart.social
Not_Blocked,kawaiivrc.site
Blocked,unstable.icu
Not_Blocked,idlethumbs.social
Blocked,mastodon.sandwich.net
Not_Blocked,pix.anduin.net
Not_Blocked,video.tedomum.net
Not_Blocked,lemmy.tf
Not_Blocked,sns.ourt-ai.work
Not_Blocked,abyss.fun
Not_Blocked,lemy.lol
